{
  "Fusion Model": {
    "accuracy": 0.08,
    "precision": 0.041666666666666664,
    "recall": 0.08333333333333333,
    "f1": 0.05555555555555555,
    "auc": 0.4901899356233721
  },
  "XGBoost": {
    "accuracy": 0.64,
    "precision": 0.6793650793650793,
    "recall": 0.6313131313131313,
    "f1": 0.6462337662337663,
    "auc": 0.874404147623962
  },
  "Shallow NN": {
    "accuracy": 0.52,
    "precision": 0.4087301587301588,
    "recall": 0.42803030303030304,
    "f1": 0.375,
    "auc": 0.6421328499501874
  },
  "Ensemble": {
    "accuracy": 0.28,
    "precision": 0.41666666666666663,
    "recall": 0.25,
    "f1": 0.30952380952380953,
    "auc": 0.8998052171426784
  }
}